competition,year,round,category,placement,medal,school_raw,town,red_izo,source_url
Chemická olympiáda,2010/11,ustredni,E,2.,,"SPŠCh a G, Ostrava-Zábřeh",Ostrava,600017753,https://olympiada.vscht.cz/cs/administrace/student-radek-bez-autentikace/?order&points&category_code=E&all_results&round=4&year=2010&area_code=CZ
Chemická olympiáda,2017/18,ustredni,E,3.,,"Střední průmyslová škola chemická akademika Heyrovského, Ostrava, příspěvková organizace",Ostrava,600017753,https://olympiada.vscht.cz/cs/administrace/student-radek-bez-autentikace/?order&points&category_code=E&all_results&round=4&year=2017&area_code=CZ
Ekonomická olympiáda,2016/17,ustredni,SŠ,1.,,Gymnázium M. Koperníka,Bílovec,600016773,https://ekonomickaolympiada.cz/minule-rocniky/rocnik-2017-18/
Ekonomická olympiáda,2017/18,ustredni,SŠ,1.,,GMK Bílovec,Bílovec,600016773,https://ekonomickaolympiada.cz/minule-rocniky/rocnik-2016-17/
Fyzikální olympiáda,2011/12,ustredni,A,6. (vítěz),,Gymnázium Karviná,Karviná,600016480,https://fyzikalniolympiada.cz/archiv/celostatni-kola/53
Fyzikální olympiáda,2011/12,ustredni,A,10. (vítěz),,Gymnázium Havířov,Havířov,600016471,https://fyzikalniolympiada.cz/archiv/celostatni-kola/53
Fyzikální olympiáda,2012/13,ustredni,A,2. (vítěz),,"G Karviná, Mírová",Karviná,600016480,https://fyzikalniolympiada.cz/archiv/celostatni-kola/54
Fyzikální olympiáda,2013/14,ustredni,A,1.,,Gymnázium Karviná,Karviná,600016480,https://fyzikalniolympiada.cz/archiv/celostatni-kola/55
Fyzikální olympiáda,2015/16,ustredni,A,4. (vítěz),,"Gymnázium, Třinec",Třinec,600016269,https://fyzikalniolympiada.cz/archiv/celostatni-kola/57
Fyzikální olympiáda,2015/16,ustredni,A,9. (vítěz),,"Gymnázium, Havířov - Město, Komenského 2",Havířov,600016471,https://fyzikalniolympiada.cz/archiv/celostatni-kola/57
Fyzikální olympiáda,2016/17,ustredni,A,4. (vítěz),,G JAK Havířov,Havířov,600016471,https://fyzikalniolympiada.cz/archiv/celostatni-kola/58
Fyzikální olympiáda,2016/17,ustredni,A,5. (vítěz),,G Komenského Třinec,Třinec,600016269,https://fyzikalniolympiada.cz/archiv/celostatni-kola/58
Fyzikální olympiáda,2017/18,ustredni,A,2. (vítěz),,G Havířov - Město,Havířov,600016471,https://fyzikalniolympiada.cz/archiv/celostatni-kola/59
Fyzikální olympiáda,2019/20,ustredni,A,5. (vítěz),,Mendelovo G Opava,Opava,600017320,https://fyzikalniolympiada.cz/archiv/celostatni-kola/61
Fyzikální olympiáda,2020/21,ustredni,A,6. (vítěz),,"G Havířov, Komenského",Havířov,600016471,https://osmo.fyzikalniolympiada.cz/public/kolo/62-A-3/vysledky
Fyzikální olympiáda,2020/21,ustredni,A,7. (vítěz),,Mendelovo G Opava,Opava,600017320,https://osmo.fyzikalniolympiada.cz/public/kolo/62-A-3/vysledky
Fyzikální olympiáda,2020/21,ustredni,A,11. (vítěz),,Wichterlovo G Ostrava,Ostrava,600017648,https://osmo.fyzikalniolympiada.cz/public/kolo/62-A-3/vysledky
Matematická olympiáda,2010/11,ustredni,A,6.–9. (vítěz),,GMK Bílovec,Bílovec,600016773,https://www.matematickaolympiada.cz/media/3471845/a60iiiv.pdf
Matematická olympiáda,2011/12,ustredni,A,1.–3. (vítěz),,SG Opava,Opava,600017265,https://www.matematickaolympiada.cz/media/3471863/a61iiiv.pdf
Matematická olympiáda,2011/12,ustredni,A,4. (vítěz),,G Frýdlant n. O.,Frýdlant nad Ostravicí,600016251,https://www.matematickaolympiada.cz/media/3471863/a61iiiv.pdf
Matematická olympiáda,2012/13,ustredni,A,3. (vítěz),,G Frýdlant n. O.,Frýdlant nad Ostravicí,600016251,https://www.matematickaolympiada.cz/media/3471881/a62iiiv.pdf
Matematická olympiáda,2015/16,ustredni,A,5. (vítěz),,MG Opava,Opava,600017320,https://www.matematickaolympiada.cz/media/3471935/a65list.pdf
Matematická olympiáda,2016/17,ustredni,A,8. (vítěz),,WG Ostrava-Poruba,Ostrava,600017648,https://www.matematickaolympiada.cz/media/3471954/a66list.pdf
Matematická olympiáda,2017/18,ustredni,A,4. (vítěz),,"Wichterlovo G, Ostrava-Poruba",Ostrava,600017648,https://www.matematickaolympiada.cz/media/3471974/a67list.pdf
Matematická olympiáda,2017/18,ustredni,A,5. (vítěz),,"Mendelovo G, Opava",Opava,600017320,https://www.matematickaolympiada.cz/media/3471974/a67list.pdf
Matematická olympiáda,2017/18,ustredni,A,7. (vítěz),,"Mendelovo G, Opava",Opava,600017320,https://www.matematickaolympiada.cz/media/3471974/a67list.pdf
Matematická olympiáda,2018/19,ustredni,A,2. (vítěz),,"Mendelovo G, Opava",Opava,600017320,https://www.matematickaolympiada.cz/media/3471994/a68list-cz.pdf
Matematická olympiáda,2018/19,ustredni,A,5. (vítěz),,G Krnov,Krnov,600016056,https://www.matematickaolympiada.cz/media/3471994/a68list-cz.pdf
Matematická olympiáda,2018/19,ustredni,A,7. (vítěz),,"Mendelovo G, Opava",Opava,600017320,https://www.matematickaolympiada.cz/media/3471994/a68list-cz.pdf
Matematická olympiáda,2018/19,ustredni,A,9. (vítěz),,"Wichterlovo G, Ostrava-Poruba",Ostrava,600017648,https://www.matematickaolympiada.cz/media/3471994/a68list-cz.pdf
Matematická olympiáda,2019/20,ustredni,A,5. (vítěz),,"Mendelovo G, Opava",Opava,600017320,https://www.matematickaolympiada.cz/media/3472014/a69list.pdf
Matematická olympiáda,2019/20,ustredni,A,6. (vítěz),,"Wichterlovo G, Ostrava-Poruba",Ostrava,600017648,https://www.matematickaolympiada.cz/media/3472014/a69list.pdf
Olympiáda v informatice (MO kat. P),2010/11,ustredni,P,2. (vítěz),,"G Komenského, Havířov",Havířov,600016471,https://mo.mff.cuni.cz/p/60/vysledky-3.html
Olympiáda v informatice (MO kat. P),2011/12,ustredni,P,4.–6. (vítěz),,Gymnázium Karviná,Karviná,600016480,https://mo.mff.cuni.cz/p/61/vysledky-3.html
Olympiáda v informatice (MO kat. P),2012/13,ustredni,P,4. (vítěz),,Gymnázium Karviná,Karviná,600016480,https://mo.mff.cuni.cz/p/62/vysledky-3.html
Olympiáda v informatice (MO kat. P),2013/14,ustredni,P,2. (vítěz),,Gymnázium Karviná,Karviná,600016480,https://mo.mff.cuni.cz/p/63/vysledky-3.html
Olympiáda v informatice (MO kat. P),2019/20,ustredni,P,4. (vítěz),,"Mendelovo gymnázium, Opava",Opava,600017320,https://mo.mff.cuni.cz/p/69/vysledky-3.html
Olympiáda v informatice (MO kat. P),2020/21,ustredni,P,6. (vítěz),,Mendelovo G Opava,Opava,600017320,https://mo.mff.cuni.cz/p/70/vysledky-3.html
