red_izo,skola,obec,typ_studia,maturantu_rocne,hodnoceno,A_z,B_z,C_z,E_z,souhrn_z,prid_hodnota_percentilu,cj_percentil,uspesnost_pct,aj_percentil,c_bodu_na_100,poptavka_p1_na_misto,prijati_percentil,naplnenost_pct
600016455,"Gymnázium Františka Živného, Bohumín, Jana Palacha 794, příspěvková organizace",Bohumín,G8,26.0,1,1.37,0.34,0.37,-0.84,0.6,5.5,75.9,100.0,72.2,1.41,1.34,45.0,93
600016455,"Gymnázium Františka Živného, Bohumín, Jana Palacha 794, příspěvková organizace",Bohumín,G4,27.0,1,-0.46,-0.72,0.37,-0.02,-0.3,-1.9,51.3,98.8,56.0,1.41,1.18,67.3,97
600016668,"Střední škola, Bohumín, příspěvková organizace",Bohumín,SOŠ,54.0,1,1.5,0.04,-0.47,-0.7,0.42,6.9,37.0,78.1,28.3,0.0,0.98,18.2,83
600016064,"Gymnázium, Bruntál, příspěvková organizace",Bruntál,G8,21.0,1,1.38,0.11,0.24,-1.13,0.48,5.6,71.3,100.0,76.6,1.27,1.27,36.6,100
600016064,"Gymnázium, Bruntál, příspěvková organizace",Bruntál,G4,24.0,1,0.18,-0.38,0.24,-0.45,-0.04,0.2,58.6,98.6,61.5,1.27,0.73,63.8,100
600016170,"Střední průmyslová škola a Obchodní akademie, Bruntál, příspěvková organizace",Bruntál,SOŠ,91.0,1,0.02,-0.15,-0.08,0.0,-0.05,-0.1,35.6,94.9,47.2,0.09,0.81,47.8,80
600016773,"Gymnázium Mikuláše Koperníka, Bílovec, příspěvková organizace",Bílovec,G8,23.0,1,-0.17,0.02,0.75,-0.24,0.06,-0.9,69.5,100.0,75.8,1.9,1.62,60.5,97
600016773,"Gymnázium Mikuláše Koperníka, Bílovec, příspěvková organizace",Bílovec,G4,39.0,1,-1.47,-0.56,0.75,-0.09,-0.6,-5.1,59.4,97.4,57.0,1.9,0.88,71.2,97
600016749,"Gymnázium a Střední průmyslová škola elektrotechniky a informatiky, Frenštát pod Radhoštěm, příspěvková organizace",Frenštát pod Radhoštěm,G8,24.0,1,0.41,0.47,0.67,-0.41,0.37,1.5,78.3,100.0,72.1,1.79,1.31,61.5,87
600016749,"Gymnázium a Střední průmyslová škola elektrotechniky a informatiky, Frenštát pod Radhoštěm, příspěvková organizace",Frenštát pod Radhoštěm,G4,25.0,1,0.27,-0.35,0.67,-0.27,0.11,0.5,68.4,96.1,61.6,1.79,0.74,69.0,100
600016749,"Gymnázium a Střední průmyslová škola elektrotechniky a informatiky, Frenštát pod Radhoštěm, příspěvková organizace",Frenštát pod Radhoštěm,SOŠ,78.0,1,0.82,0.85,4.08,0.84,1.48,3.5,46.0,99.1,58.3,1.79,1.14,64.8,89
600171256,"Hotelová škola, Frenštát pod Radhoštěm, příspěvková organizace",Frenštát pod Radhoštěm,SOŠ,53.0,1,0.86,0.35,0.11,-0.56,0.38,3.9,37.7,87.6,34.7,0.14,0.7,24.9,86
600016234,"Gymnázium Cihelní, Frýdek-Místek, příspěvková organizace",Frýdek-Místek,G8,0.0,0,,,0.72,0.84,,,,,,1.87,3.21,76.3,77
600016234,"Gymnázium Cihelní, Frýdek-Místek, příspěvková organizace",Frýdek-Místek,G4,60.0,1,0.49,0.24,0.72,0.63,0.49,1.2,67.6,99.4,61.3,1.87,1.42,83.4,100
600016234,"Gymnázium Cihelní, Frýdek-Místek, příspěvková organizace",Frýdek-Místek,SOŠ,0.0,0,-0.38,,4.2,,,-2.0,,,,1.87,,,
600016315,"Gymnázium Petra Bezruče, Frýdek-Místek, příspěvková organizace",Frýdek-Místek,G6,87.0,1,1.03,0.55,1.63,-0.47,0.82,4.5,78.3,100.0,80.5,3.49,1.67,61.5,84
600016358,"PrimMat - Soukromá střední škola podnikatelská, s.r.o.",Frýdek-Místek,SOŠ,28.0,1,1.09,0.35,-0.32,0.64,0.55,4.8,38.6,94.3,45.5,0.04,1.24,49.3,100
600016412,"Soukromá střední odborná škola Frýdek-Místek, s.r.o.",Frýdek-Místek,SOŠ,77.0,1,0.37,-1.27,-0.47,-1.28,-0.46,1.4,25.9,77.7,24.9,0.0,0.35,23.2,50
680000062,Střední odborná škola požární ochrany a Vyšší odborná škola požární ochrany,Frýdek-Místek,SOŠ,0.0,0,,,,1.74,,,,,,,2.66,60.2,100
600171191,"Střední odborná škola, Frýdek-Místek, příspěvková organizace",Frýdek-Místek,SOŠ,87.0,1,-1.03,-0.97,-0.47,-0.5,-0.83,-4.2,24.7,78.5,34.5,0.0,0.76,25.2,80
600016323,"Střední průmyslová škola, Obchodní akademie a Jazyková škola s právem státní jazykové zkoušky, Frýdek-Místek, příspěvková organizace",Frýdek-Místek,lyceum,47.0,1,0.25,0.24,2.0,0.47,0.63,0.8,57.7,97.2,61.7,0.74,0.98,66.1,100
600016323,"Střední průmyslová škola, Obchodní akademie a Jazyková škola s právem státní jazykové zkoušky, Frýdek-Místek, příspěvková organizace",Frýdek-Místek,SOŠ,144.0,1,0.85,0.99,2.0,0.59,1.08,3.3,50.6,98.4,54.8,0.74,1.11,58.5,100
600016331,Střední uměleckoprůmyslová škola s.r.o.,Frýdek-Místek,SOŠ,31.0,1,,0.13,-0.47,,-0.13,,44.4,92.7,48.6,0.0,0.92,,100
600020011,"Střední zdravotnická škola, Frýdek-Místek, příspěvková organizace",Frýdek-Místek,SOŠ,81.0,1,-0.81,-0.51,-0.47,-0.2,-0.58,-3.9,32.9,84.0,28.9,0.0,0.86,37.5,100
600016242,"Střední škola gastronomie, oděvnictví a služeb, Frýdek-Místek, příspěvková organizace",Frýdek-Místek,SOŠ,43.0,1,0.63,1.25,-0.47,-0.05,0.48,2.2,53.8,90.6,50.8,0.0,0.98,28.3,83
600016374,"Střední škola informačních technologií, s.r.o.",Frýdek-Místek,SOŠ,88.0,1,-1.3,0.13,-0.47,-0.28,-0.62,-5.8,35.0,95.9,46.4,0.0,0.7,39.1,76
600016307,"Střední škola řemesel, Frýdek-Místek, příspěvková organizace",Frýdek-Místek,SOŠ,87.0,1,0.23,-0.62,-0.47,-0.72,-0.26,0.8,28.5,87.0,36.2,0.0,0.57,26.8,69
650007557,"Gymnázium BESKYDY MOUNTAIN ACADEMY, s.r.o.",Frýdlant nad Ostravicí,G4,30.0,1,1.01,0.5,-1.35,0.47,0.33,2.9,70.7,100.0,81.0,0.03,1.46,78.0,96
600016251,"Gymnázium, Frýdlant nad Ostravicí, nám. T. G. Masaryka 1260, příspěvková organizace",Frýdlant nad Ostravicí,G6,27.0,1,-1.02,0.16,-0.13,0.02,-0.39,-5.3,70.9,100.0,75.9,0.89,2.31,70.3,80
600016251,"Gymnázium, Frýdlant nad Ostravicí, nám. T. G. Masaryka 1260, příspěvková organizace",Frýdlant nad Ostravicí,G4,29.0,1,0.28,0.91,-0.13,0.55,0.4,0.5,78.8,100.0,69.4,0.89,1.28,82.9,100
600016471,"Gymnázium, Havířov-Město, Komenského 2, příspěvková organizace",Havířov,G8,26.0,1,0.37,0.38,0.28,-0.46,0.24,1.4,76.5,100.0,77.0,1.31,1.57,53.6,97
600016471,"Gymnázium, Havířov-Město, Komenského 2, příspěvková organizace",Havířov,G4,39.0,1,0.83,0.12,0.28,0.35,0.47,2.3,66.4,99.1,62.4,1.31,1.33,76.2,100
600016684,"Gymnázium, Havířov-Podlesí, příspěvková organizace",Havířov,G8,25.0,1,-0.64,-0.36,0.09,-0.19,-0.36,-2.8,69.8,98.7,78.6,1.1,1.9,56.8,97
600016684,"Gymnázium, Havířov-Podlesí, příspěvková organizace",Havířov,G4,49.0,1,-2.07,-0.42,0.09,0.36,-0.87,-7.1,57.7,98.6,58.4,1.1,1.33,76.6,100
600016641,Hotelová škola a Obchodní akademie Havířov s.r.o.,Havířov,SOŠ,83.0,1,-1.05,-1.11,-0.47,-0.81,-0.92,-4.8,29.6,85.6,37.2,0.0,0.64,25.7,81
600016579,"Střední průmyslová škola elektrotechnická, Havířov, příspěvková organizace",Havířov,SOŠ,71.0,1,0.52,0.37,-0.17,0.46,0.33,2.2,47.2,92.9,57.8,0.07,0.94,57.8,81
600016552,"Střední průmyslová škola stavební, Havířov, příspěvková organizace",Havířov,SOŠ,68.0,1,0.54,0.39,-0.47,0.39,0.28,2.3,44.5,94.8,51.1,0.0,0.93,55.8,100
600016510,"Střední škola polytechnická, Havířov-Šumbark, příspěvková organizace",Havířov,SOŠ,53.0,1,3.9,1.78,-0.47,-0.72,1.84,16.5,57.0,91.8,44.7,0.0,0.53,24.6,49
600171205,"Střední škola technických oborů, Havířov-Šumbark, Lidická 1a/600, příspěvková organizace",Havířov,SOŠ,46.0,1,3.47,1.27,-0.47,0.33,1.68,16.6,48.4,83.5,38.6,0.0,1.42,28.0,100
600171230,"Střední škola, Havířov-Prostřední Suchá, příspěvková organizace",Havířov,lyceum,50.0,1,0.67,-0.12,-0.47,0.68,0.23,2.5,50.8,97.3,44.4,0.0,1.8,61.7,98
600171230,"Střední škola, Havířov-Prostřední Suchá, příspěvková organizace",Havířov,SOŠ,43.0,1,-1.24,-1.64,-0.47,-0.34,-1.07,-5.4,18.6,73.7,18.2,0.0,0.88,25.2,97
600017249,"Gymnázium Josefa Kainara, Hlučín, příspěvková organizace",Hlučín,G6,30.0,1,0.7,0.32,0.41,0.27,0.48,2.9,73.9,100.0,74.4,1.46,2.77,74.5,93
600017249,"Gymnázium Josefa Kainara, Hlučín, příspěvková organizace",Hlučín,G4,29.0,1,-0.4,0.08,0.41,0.35,-0.01,-1.7,62.5,100.0,61.3,1.46,1.21,78.1,100
600171183,"Střední škola, Jablunkov, příspěvková organizace",Jablunkov,SOŠ,19.0,1,-0.31,-1.2,-0.47,-1.01,-0.67,-1.5,28.1,86.9,37.9,0.0,0.55,25.8,44
600016480,"Gymnázium, Karviná, příspěvková organizace",Karviná,G8,27.0,1,-0.43,0.11,0.03,-0.37,-0.19,-1.9,71.2,100.0,76.9,1.04,1.82,51.5,97
600016480,"Gymnázium, Karviná, příspěvková organizace",Karviná,G4,60.0,1,-0.71,0.17,0.03,0.3,-0.19,-2.7,64.3,100.0,62.4,1.04,1.24,75.8,100
600016617,Obchodní akademie a Česko - anglická základní škola s.r.o.,Karviná,lyceum,0.0,0,,,-0.47,-0.33,,,,,,0.0,0.57,49.7,77
600016617,Obchodní akademie a Česko - anglická základní škola s.r.o.,Karviná,SOŠ,47.0,1,-1.28,-1.37,-0.47,-0.1,-0.98,-4.8,32.3,85.1,35.3,0.0,1.0,43.1,94
600016706,Střední odborná škola ochrany osob a majetku s.r.o.,Karviná,SOŠ,90.0,1,0.32,0.11,-0.47,0.77,0.17,1.1,36.6,94.2,38.5,0.0,1.77,51.1,98
600016676,"Střední průmyslová škola, Karviná, příspěvková organizace",Karviná,SOŠ,89.0,1,-0.07,0.45,0.53,0.19,0.22,-0.5,43.8,96.0,57.3,0.25,0.93,49.2,100
600020029,"Střední zdravotnická škola, Karviná, příspěvková organizace",Karviná,lyceum,25.0,1,-1.68,-0.53,-0.47,-0.05,-0.91,-7.2,45.9,96.1,43.0,0.0,0.73,54.2,
600020029,"Střední zdravotnická škola, Karviná, příspěvková organizace",Karviná,SOŠ,53.0,1,0.46,-0.07,-0.47,0.15,0.09,1.6,36.4,87.6,30.0,0.0,1.2,38.9,
600171248,"Střední škola techniky a služeb, Karviná, příspěvková organizace",Karviná,SOŠ,55.0,1,0.69,-0.64,-0.47,-0.99,-0.12,2.3,33.2,81.5,35.0,0.0,0.52,21.2,71
600016862,Střední škola podnikatelská Klimkovice s.r.o.,Klimkovice,SOŠ,33.0,1,2.34,1.22,-0.47,-1.48,0.97,10.5,53.8,90.5,35.2,0.0,0.27,18.0,33
600016781,"Střední škola a Vyšší odborná škola, Kopřivnice, příspěvková organizace",Kopřivnice,SOŠ,32.0,1,1.08,0.67,-0.47,-0.36,0.47,4.6,38.6,92.2,40.8,0.0,0.6,36.6,66
600016056,"Gymnázium, Krnov, příspěvková organizace",Krnov,G8,26.0,1,0.28,-0.24,0.51,-0.52,0.08,1.0,64.4,100.0,72.2,1.58,1.51,52.5,97
600016056,"Gymnázium, Krnov, příspěvková organizace",Krnov,G4,27.0,1,-1.11,-0.68,0.51,0.12,-0.51,-4.0,52.4,98.8,53.1,1.58,1.01,74.8,100
600171167,"Střední odborná škola dopravy a cestovního ruchu, Krnov, příspěvková organizace",Krnov,SOŠ,70.0,1,-1.29,-0.59,-0.47,0.41,-0.71,-6.2,28.3,88.7,42.9,0.0,1.06,45.7,79
600016099,"Střední pedagogická škola a Střední zdravotnická škola, Krnov, příspěvková organizace",Krnov,lyceum,31.0,1,0.83,0.37,-0.47,0.94,0.46,3.2,56.2,98.9,50.2,0.0,1.8,70.2,100
600016099,"Střední pedagogická škola a Střední zdravotnická škola, Krnov, příspěvková organizace",Krnov,SOŠ,87.0,1,-0.77,0.19,-0.47,0.22,-0.32,-3.6,38.0,94.7,34.9,0.0,1.04,46.2,100
600016081,Střední umělecká škola varhanářská o.p.s.,Krnov,SOŠ,3.0,0,,,,,,,,,20.8,,0.59,,
600016145,"Střední škola průmyslová, Krnov, příspěvková organizace",Krnov,SOŠ,78.0,1,-0.52,-0.57,-0.47,-0.56,-0.53,-2.4,26.8,81.3,33.4,0.0,0.58,28.4,65
600016218,"Střední odborná škola a Základní škola, Město Albrechtice, příspěvková organizace",Město Albrechtice,SOŠ,5.0,0,1.05,,,,,5.5,,,3.9,,0.08,,
600016901,"EDUCA - Střední odborná škola, s.r.o.",Nový Jičín,SOŠ,46.0,1,-0.12,-0.89,-0.47,-0.24,-0.41,-0.8,28.6,82.7,33.8,0.0,0.81,36.0,82
600016820,"Gymnázium, Nový Jičín, příspěvková organizace",Nový Jičín,G6,30.0,1,0.3,0.43,-0.18,0.14,0.22,1.0,76.1,100.0,82.3,0.84,2.56,71.9,100
600016820,"Gymnázium, Nový Jičín, příspěvková organizace",Nový Jičín,G4,59.0,1,0.43,0.26,-0.18,0.22,0.23,1.0,68.0,99.4,64.5,0.84,1.04,77.0,100
600020037,"Mendelova střední škola, Nový Jičín, příspěvková organizace",Nový Jičín,lyceum,59.0,1,-0.88,0.21,-0.27,0.46,-0.29,-3.9,54.6,98.3,48.7,0.05,1.17,62.4,100
600020037,"Mendelova střední škola, Nový Jičín, příspěvková organizace",Nový Jičín,SOŠ,103.0,1,-0.33,0.42,-0.27,-0.13,-0.09,-1.4,41.3,96.2,40.0,0.05,0.86,44.2,84
600016846,"Střední škola technická a zemědělská, Nový Jičín, příspěvková organizace",Nový Jičín,SOŠ,88.0,1,-1.3,-0.49,0.12,-0.47,-0.69,-5.8,28.2,78.7,35.7,0.14,0.65,30.1,60
600016838,Střední pedagogická škola a Střední zdravotnická škola svaté Anežky České,Odry,lyceum,13.0,1,0.7,0.39,-0.47,-0.04,0.28,2.7,60.0,97.5,50.4,0.0,0.79,53.3,100
600016838,Střední pedagogická škola a Střední zdravotnická škola svaté Anežky České,Odry,SOŠ,60.0,1,0.28,-0.06,-0.47,-0.36,-0.05,1.0,35.7,91.7,27.6,0.0,0.9,37.4,90
600016854,"Střední škola, Odry, příspěvková organizace",Odry,SOŠ,16.0,1,-0.08,-0.59,-0.47,-0.83,-0.39,-0.5,19.8,69.8,24.1,0.0,0.86,15.8,87
600017311,"Masarykova střední škola zemědělská a přírodovědná, Opava, příspěvková organizace",Opava,lyceum,31.0,1,-0.59,0.03,1.47,0.18,0.09,-2.7,49.8,98.9,44.9,0.55,0.72,62.2,90
600017311,"Masarykova střední škola zemědělská a přírodovědná, Opava, příspěvková organizace",Opava,SOŠ,79.0,1,-0.38,0.45,1.47,0.82,0.37,-1.9,33.8,87.8,34.7,0.55,1.41,44.4,83
600017320,"Mendelovo gymnázium, Opava, příspěvková organizace",Opava,G8,30.0,1,0.9,0.76,1.97,0.63,1.04,3.5,83.9,100.0,84.4,4.32,2.71,74.3,97
600017320,"Mendelovo gymnázium, Opava, příspěvková organizace",Opava,G4,90.0,1,1.23,1.03,1.97,1.03,1.3,3.6,82.4,99.6,79.4,4.32,1.63,92.7,100
600017257,"Obchodní akademie a Střední odborná škola logistická, Opava, příspěvková organizace",Opava,lyceum,30.0,1,-0.06,0.51,-0.28,1.03,0.19,-0.5,56.4,100.0,63.2,0.05,1.38,78.1,100
600017257,"Obchodní akademie a Střední odborná škola logistická, Opava, příspěvková organizace",Opava,SOŠ,135.0,1,-0.89,-0.09,-0.28,0.43,-0.38,-3.2,38.7,92.2,46.5,0.05,0.92,55.4,92
600017265,"Slezské gymnázium, Opava, příspěvková organizace",Opava,G4,89.0,1,-0.45,0.58,-0.31,0.6,-0.01,-1.8,74.9,99.3,68.6,0.72,1.18,86.2,100
600017401,"Soukromá střední škola podnikatelská, s.r.o., Opava",Opava,SOŠ,61.0,1,-0.68,-1.66,-0.47,0.01,-0.81,-3.2,23.7,70.9,30.8,0.0,0.9,38.8,98
600017419,"Střední odborné učiliště stavební, Opava, příspěvková organizace",Opava,SOŠ,20.0,1,-0.95,-0.34,-0.47,0.73,-0.47,-4.1,27.5,82.1,46.5,0.0,1.21,43.1,97
600017389,"Střední průmyslová škola stavební, Opava, příspěvková organizace",Opava,SOŠ,73.0,1,0.68,0.7,2.36,0.74,1.03,3.1,47.7,94.7,55.5,0.89,1.0,63.9,81
600020061,"Střední zdravotnická škola, Opava, příspěvková organizace",Opava,lyceum,27.0,1,0.09,0.27,-0.37,1.01,0.17,0.1,54.6,98.8,57.1,0.02,1.57,75.0,100
600020061,"Střední zdravotnická škola, Opava, příspěvková organizace",Opava,SOŠ,55.0,1,0.72,0.5,-0.37,1.15,0.5,2.8,41.0,91.5,33.5,0.02,1.61,55.7,100
691002932,"Střední škola hotelnictví a služeb a Vyšší odborná škola, Opava, příspěvková organizace",Opava,SOŠ,90.0,1,-0.58,-0.0,-0.12,0.09,-0.24,-3.0,33.6,87.5,41.9,0.08,0.94,36.5,98
600017338,"Střední škola průmyslová a umělecká, Opava, příspěvková organizace",Opava,SOŠ,91.0,1,-0.11,0.9,0.37,0.71,0.36,-0.7,49.6,97.5,59.8,0.21,1.04,67.2,83
600171868,"Střední škola technická, Opava, Kolofíkovo nábřeží 51, příspěvková organizace",Opava,SOŠ,41.0,1,-0.6,-0.5,-0.47,-0.52,-0.54,-3.2,21.7,76.9,31.5,0.0,0.63,24.4,70
650078331,Gymnázium Jana Šabršuly s.r.o.,Orlová,G4,15.0,1,-0.91,-2.27,-1.42,-1.83,-1.5,-3.3,46.8,91.7,59.6,0.0,0.27,42.5,53
600016536,"Gymnázium a Obchodní akademie, Orlová, příspěvková organizace",Orlová,G8,26.0,1,1.16,0.14,-0.69,-0.87,0.25,4.6,79.5,98.7,82.7,0.43,1.41,42.3,97
600016536,"Gymnázium a Obchodní akademie, Orlová, příspěvková organizace",Orlová,G4,27.0,1,0.43,0.26,-0.69,0.01,0.1,1.0,66.1,100.0,65.1,0.43,1.14,68.9,100
600016536,"Gymnázium a Obchodní akademie, Orlová, příspěvková organizace",Orlová,SOŠ,69.0,1,-0.81,-0.21,1.1,-0.14,-0.18,-3.7,36.4,92.8,48.3,0.43,0.84,42.8,82
600016587,"Střední odborná škola NET OFFICE Orlová, spol. s r.o.",Orlová,SOŠ,26.0,1,1.28,0.23,-0.47,-0.91,0.36,5.6,41.4,95.0,55.7,0.0,0.53,29.1,59
650076991,"1st International School of Ostrava - mezinárodní gymnázium, s.r.o.",Ostrava,G8,11.0,1,-1.39,-2.36,-1.36,-2.57,-1.8,-5.9,40.5,97.1,80.0,0.03,0.38,24.9,30
650076991,"1st International School of Ostrava - mezinárodní gymnázium, s.r.o.",Ostrava,G4,22.0,1,-2.23,-1.68,-1.36,-0.96,-1.74,-7.6,39.3,97.0,64.4,0.03,0.38,61.5,60
691010366,AGEL Střední zdravotnická škola a Vyšší odborná škola zdravotnická s.r.o.,Ostrava,lyceum,30.0,1,-0.86,-0.48,-0.47,0.39,-0.51,-3.8,45.4,96.7,45.7,0.0,1.12,60.8,100
691010366,AGEL Střední zdravotnická škola a Vyšší odborná škola zdravotnická s.r.o.,Ostrava,SOŠ,77.0,1,-1.7,-0.43,-0.47,-0.46,-0.95,-7.5,28.6,89.8,29.0,0.0,0.83,34.0,99
600017664,"AHOL - Střední odborná škola, s.r.o.",Ostrava,lyceum,22.0,1,-0.57,-0.45,0.94,0.35,-0.11,-2.6,45.2,97.0,38.2,0.37,1.32,56.6,100
600017664,"AHOL - Střední odborná škola, s.r.o.",Ostrava,SOŠ,85.0,1,-0.46,-0.66,0.94,-0.2,-0.2,-2.4,28.2,86.4,31.3,0.37,0.81,37.4,92
651035759,"AHOL - Střední škola gastronomie, turismu a lázeňství",Ostrava,SOŠ,39.0,1,-0.75,-0.4,-0.47,-0.63,-0.58,-3.4,28.0,88.0,33.2,0.0,0.45,29.0,35
650003551,"AVE ART Ostrava, vyšší odborná škola, střední umělecká škola a základní umělecká škola, s.r.o.",Ostrava,SOŠ,32.0,1,,-0.88,-0.47,,-0.7,,30.7,89.9,41.5,0.0,0.64,,48
600017729,"Bezpečnostně právní akademie Ostrava, s. r. o., střední škola",Ostrava,SOŠ,49.0,1,-0.76,-0.57,-0.47,0.22,-0.52,-3.8,30.0,87.2,36.8,0.0,1.27,41.5,100
600017541,Biskupské gymnázium v Ostravě,Ostrava,G8,20.0,1,-1.03,-0.2,-1.2,-1.19,-0.86,-4.5,65.3,100.0,65.6,0.11,0.83,49.0,42
600017541,Biskupské gymnázium v Ostravě,Ostrava,G4,21.0,1,-1.82,-2.0,-1.2,-0.73,-1.6,-6.3,43.9,93.9,50.8,0.11,0.59,60.0,87
600016366,Gymnázium EDUCAnet Ostrava s.r.o.,Ostrava,G4,36.0,1,-0.62,-0.96,-1.42,-1.55,-0.99,-2.4,45.6,99.1,57.2,0.0,0.28,50.3,28
600017494,"Gymnázium Hladnov a Jazyková škola s právem státní jazykové zkoušky, Ostrava, příspěvková organizace",Ostrava,G6,24.0,1,-1.05,-0.86,-1.0,-0.48,-0.91,-5.4,59.6,98.6,,0.23,1.99,56.9,100
600017494,"Gymnázium Hladnov a Jazyková škola s právem státní jazykové zkoušky, Ostrava, příspěvková organizace",Ostrava,G4,90.0,1,-0.7,-0.03,-1.0,0.49,-0.42,-2.6,63.1,99.3,67.0,0.23,1.42,79.1,98
600017478,"Gymnázium Olgy Havlové, Ostrava-Poruba, příspěvková organizace",Ostrava,G8,56.0,1,0.64,0.65,0.69,-0.33,0.52,2.5,81.8,100.0,77.7,1.82,1.47,60.4,93
600017478,"Gymnázium Olgy Havlové, Ostrava-Poruba, příspěvková organizace",Ostrava,G4,29.0,1,1.66,0.97,0.69,1.17,1.22,5.0,79.9,100.0,78.9,1.82,1.96,93.2,100
600017451,"Gymnázium, Ostrava-Hrabůvka, příspěvková organizace",Ostrava,G8,55.0,1,0.31,-0.31,0.67,-0.04,0.17,1.1,77.3,97.6,72.8,1.8,1.64,67.1,100
600017451,"Gymnázium, Ostrava-Hrabůvka, příspěvková organizace",Ostrava,G4,31.0,1,1.04,0.6,0.67,0.89,0.83,3.0,72.6,100.0,63.0,1.8,1.79,86.5,97
600017486,"Gymnázium, Ostrava-Zábřeh, Volgogradská 6a, příspěvková organizace",Ostrava,G8,55.0,1,-0.01,-0.06,1.65,-1.39,0.12,-0.2,71.6,99.4,73.2,3.55,0.81,42.4,100
691000565,"Gymnázium, základní škola a mateřská škola Hello s.r.o.",Ostrava,G4,36.0,1,-1.67,-1.08,-1.42,-1.03,-1.38,-5.8,52.9,96.4,66.7,0.0,0.53,53.2,77
600171272,"Hotelová škola, Ostrava, příspěvková organizace",Ostrava,SOŠ,60.0,1,0.07,-0.05,-0.47,-0.07,-0.09,0.3,31.6,81.9,37.8,0.0,1.04,26.4,92
650077393,IUVENTAS - Soukromé gymnázium a Střední odborná škola s.r.o.,Ostrava,G8,0.0,0,,,-1.42,-2.97,,,,,,0.0,0.29,20.0,82
650077393,IUVENTAS - Soukromé gymnázium a Střední odborná škola s.r.o.,Ostrava,G4,35.0,1,0.48,-2.83,-1.42,-2.19,-1.14,1.2,41.7,90.0,44.3,0.0,0.14,45.2,26
650077393,IUVENTAS - Soukromé gymnázium a Střední odborná škola s.r.o.,Ostrava,lyceum,67.0,1,-0.99,-2.52,-0.47,-0.97,-1.29,-4.3,32.7,85.6,32.9,0.0,0.38,36.1,51
600017443,"Jazykové gymnázium Pavla Tigrida, Ostrava-Poruba, příspěvková organizace",Ostrava,G6,23.0,1,-1.67,-0.61,-0.19,-0.76,-0.97,-8.3,55.8,100.0,67.6,0.83,1.64,51.8,90
600017443,"Jazykové gymnázium Pavla Tigrida, Ostrava-Poruba, příspěvková organizace",Ostrava,G4,87.0,1,-0.27,0.5,-0.19,0.68,0.08,-1.2,70.8,100.0,72.9,0.83,1.58,82.7,100
600017508,"Matiční gymnázium, Ostrava, příspěvková organizace",Ostrava,G8,58.0,1,-0.46,0.23,0.01,0.52,-0.05,-2.1,80.4,98.9,78.7,1.02,2.31,76.0,100
600017508,"Matiční gymnázium, Ostrava, příspěvková organizace",Ostrava,G4,31.0,1,1.59,0.65,0.01,0.49,0.88,4.8,73.6,100.0,68.9,1.02,1.25,81.5,100
600016595,"Moravskoslezská obchodní akademie, s.r.o.",Ostrava,SOŠ,22.0,1,-0.97,-0.86,0.84,-0.57,-0.53,-3.7,30.1,92.4,42.3,0.35,0.68,36.7,82
600017672,"Obchodní akademie a Vyšší odborná škola sociálně právní, Ostrava, příspěvková organizace",Ostrava,lyceum,28.0,1,-1.45,-0.55,-0.18,0.14,-0.74,-6.3,47.5,95.2,55.0,0.07,0.74,60.2,100
600017672,"Obchodní akademie a Vyšší odborná škola sociálně právní, Ostrava, příspěvková organizace",Ostrava,SOŠ,81.0,1,0.89,0.72,-0.18,0.8,0.62,2.7,50.6,95.2,53.2,0.07,1.44,62.0,100
600017460,"Obchodní akademie, Ostrava-Poruba, příspěvková organizace",Ostrava,SOŠ,72.0,1,-0.97,-0.15,-0.47,-0.07,-0.53,-3.7,37.7,94.6,48.7,0.0,0.84,47.2,99
600006018,"PORG - gymnázium, základní škola a mateřská škola, o.p.s.",Ostrava,G8,111.0,1,-2.08,0.41,-0.71,0.98,-0.73,-8.8,78.9,99.7,85.2,0.41,2.41,91.3,94
600006018,"PORG - gymnázium, základní škola a mateřská škola, o.p.s.",Ostrava,G4,2.0,0,,,-0.71,1.43,,,,,,0.41,2.31,97.7,100
600006018,"PORG - gymnázium, základní škola a mateřská škola, o.p.s.",Ostrava,SOŠ,10.0,1,,1.03,1.06,-0.83,0.63,,49.8,100.0,46.2,0.41,0.21,47.9,32
600017591,"PRIGO, gymnázium 6leté a 4leté, s.r.o.",Ostrava,G6,23.0,1,-1.01,-4.08,-0.45,-2.45,-1.91,-5.2,56.3,89.0,64.2,0.61,0.44,25.5,76
600017591,"PRIGO, gymnázium 6leté a 4leté, s.r.o.",Ostrava,G4,41.0,1,0.1,-2.07,-0.45,-1.05,-0.74,-0.0,58.3,89.6,63.4,0.61,0.41,57.4,29
600016447,"PRIGO, gymnázium 8leté a 4leté, s.r.o.",Ostrava,G8,21.0,1,-0.97,-1.01,-1.42,-2.24,-1.24,-4.2,58.7,98.4,65.4,0.0,0.46,30.9,83
600016447,"PRIGO, gymnázium 8leté a 4leté, s.r.o.",Ostrava,G4,32.0,1,-0.17,-1.44,-1.42,-1.18,-0.89,-0.9,57.8,93.1,55.2,0.0,0.39,54.3,69
600017567,"PRIGO, střední škola, s.r.o.",Ostrava,SOŠ,72.0,1,0.05,0.21,-0.47,0.08,-0.01,-0.2,42.9,91.3,40.9,0.0,0.96,43.6,79
600017761,"RB Střední odborné učiliště autoopravárenské, s.r.o.",Ostrava,SOŠ,3.0,0,,,,-2.63,,,,,28.9,,0.1,13.7,27
600017290,Soukromá obchodní akademie Opava s.r.o.,Ostrava,SOŠ,75.0,1,3.7,1.05,-0.47,-0.53,1.6,16.8,56.3,86.1,34.5,0.0,0.63,31.0,100
600017516,"Sportovní gymnázium Dany a Emila Zátopkových, Ostrava, příspěvková organizace",Ostrava,G8,27.0,1,-1.47,-3.28,-1.42,-1.06,-1.89,-6.3,53.1,92.0,48.7,0.0,1.43,34.6,100
600017516,"Sportovní gymnázium Dany a Emila Zátopkových, Ostrava, příspěvková organizace",Ostrava,G4,55.0,1,1.18,-1.14,-1.42,0.08,-0.11,3.4,49.5,97.0,50.0,0.0,1.47,66.0,102
600017532,"Střední odborná škola umělecká a gymnázium, s.r.o.",Ostrava,SOŠ,21.0,1,,-0.66,-0.47,,-0.58,,43.4,85.9,48.1,0.0,0.59,,48
600017753,"Střední průmyslová škola chemická akademika Heyrovského, Ostrava, příspěvková organizace",Ostrava,lyceum,28.0,1,-0.72,0.0,3.55,0.69,0.51,-3.2,55.0,96.5,56.3,1.48,1.08,71.5,97
600017753,"Střední průmyslová škola chemická akademika Heyrovského, Ostrava, příspěvková organizace",Ostrava,SOŠ,65.0,1,0.58,1.32,3.55,0.87,1.41,2.4,54.9,99.0,55.2,1.48,1.05,68.0,100
600017583,"Střední průmyslová škola elektrotechniky a informatiky, Ostrava, příspěvková organizace",Ostrava,SOŠ,137.0,1,0.73,1.09,1.15,1.08,0.96,3.1,52.8,97.6,59.8,0.44,1.31,68.9,100
600017681,"Střední průmyslová škola stavební, Ostrava, příspěvková organizace",Ostrava,lyceum,26.0,1,0.78,0.5,0.49,1.07,0.69,3.0,59.2,98.7,62.1,0.24,1.36,79.8,100
600017681,"Střední průmyslová škola stavební, Ostrava, příspěvková organizace",Ostrava,SOŠ,86.0,1,-0.35,0.47,0.49,0.26,0.12,-1.9,40.2,97.3,46.8,0.24,0.81,53.6,92
600017699,"Střední průmyslová škola, Ostrava-Vítkovice, příspěvková organizace",Ostrava,SOŠ,86.0,1,-0.2,0.1,1.56,-0.54,0.19,-1.1,36.2,92.7,46.9,0.58,0.52,36.0,64
600017630,"Střední umělecká škola, Ostrava, příspěvková organizace",Ostrava,SOŠ,66.0,1,,0.8,-0.47,,0.26,,47.5,97.5,60.7,0.0,1.71,,93
600017737,"Střední zahradnická škola, Ostrava, příspěvková organizace",Ostrava,lyceum,21.0,1,-1.68,-2.49,-0.47,-0.93,-1.55,-7.2,35.0,84.8,40.4,0.0,0.24,45.3,60
600017737,"Střední zahradnická škola, Ostrava, příspěvková organizace",Ostrava,SOŠ,23.0,1,-0.79,-0.63,-0.47,-0.35,-0.62,-3.1,26.4,88.6,34.0,0.0,0.66,34.8,67
600020070,"Střední zdravotnická škola a Vyšší odborná škola zdravotnická, Ostrava, příspěvková organizace",Ostrava,lyceum,28.0,1,1.41,0.41,-0.47,1.4,0.77,5.6,57.3,98.8,54.6,0.0,2.46,79.8,100
600020070,"Střední zdravotnická škola a Vyšší odborná škola zdravotnická, Ostrava, příspěvková organizace",Ostrava,SOŠ,131.0,1,1.06,0.62,-0.47,1.21,0.66,4.2,40.7,93.5,40.4,0.0,1.72,55.4,100
691018634,Střední škola Montessori lyceum Ostrava,Ostrava,lyceum,0.0,0,,,,-0.67,,,,,,,0.33,48.3,65
600171302,"Střední škola elektrotechnická, Ostrava, Na Jízdárně 30, příspěvková organizace",Ostrava,SOŠ,87.0,1,-1.1,-0.62,-0.47,0.72,-0.6,-4.9,23.7,79.5,35.7,0.0,1.21,40.8,96
600026957,"Střední škola prof. Zdeňka Matějčka, Ostrava-Poruba, příspěvková organizace",Ostrava,SOŠ,86.0,1,-0.48,-0.76,-0.47,0.03,-0.48,-2.5,33.6,82.7,27.7,0.0,1.18,38.1,96
600171299,"Střední škola služeb a podnikání, Ostrava-Poruba, příspěvková organizace",Ostrava,SOŠ,159.0,1,-1.38,-0.96,-0.47,0.3,-0.86,-5.9,22.0,71.7,25.2,0.0,1.34,29.9,98
600017702,"Střední škola stavební a dřevozpracující, Ostrava, příspěvková organizace",Ostrava,SOŠ,34.0,1,-0.54,-0.99,-0.47,-0.17,-0.6,-2.8,19.2,74.5,26.4,0.0,0.94,24.8,78
600171311,"Střední škola technická a dopravní, Ostrava-Vítkovice, příspěvková organizace",Ostrava,SOŠ,101.0,1,-0.29,-0.77,-0.47,0.42,-0.36,-1.4,27.5,79.9,38.0,0.0,1.19,37.5,90
600017656,"Střední škola teleinformatiky, Ostrava, příspěvková organizace",Ostrava,SOŠ,108.0,1,-1.18,0.29,0.45,0.53,-0.23,-5.5,38.2,97.6,59.4,0.23,0.97,59.3,68
600017711,"Střední škola uměleckých řemesel, s.r.o.",Ostrava,SOŠ,42.0,1,,-1.31,-0.47,,-0.95,,28.3,87.1,47.1,0.0,0.61,,52
651040060,"Střední škola, základní škola a mateřská škola Monty School",Ostrava,lyceum,9.0,0,0.17,0.68,,0.27,,0.5,59.5,100.0,70.2,,0.94,60.2,100
650069021,VÍTKOVICKÁ STŘEDNÍ PRŮMYSLOVÁ ŠKOLA,Ostrava,SOŠ,75.0,1,1.01,0.5,-0.47,-0.65,0.36,4.1,38.1,88.8,39.5,0.0,0.42,31.0,55
600144933,"Waldorfská základní škola a střední škola, Ostrava-Poruba, příspěvková organizace",Ostrava,lyceum,29.0,1,1.0,-0.25,-0.47,0.27,0.28,3.9,52.8,95.3,54.4,0.0,1.06,58.2,97
600017648,"Wichterlovo gymnázium, Ostrava-Poruba, příspěvková organizace",Ostrava,G8,53.0,1,-0.27,0.35,2.9,-0.44,0.51,-1.3,79.6,99.4,80.6,7.4,1.31,60.7,100
600017648,"Wichterlovo gymnázium, Ostrava-Poruba, příspěvková organizace",Ostrava,G4,57.0,1,0.71,0.71,2.9,0.44,1.11,1.9,74.7,100.0,73.2,7.4,1.14,81.8,98
600016633,"Střední odborné učiliště DAKOL, s. r. o.",Petrovice u Karviné,SOŠ,23.0,1,3.58,2.07,-0.47,-1.97,1.63,18.6,51.3,89.8,33.0,0.0,0.21,13.1,28
600016625,"Vyšší odborná škola DAKOL a Střední škola DAKOL, o.p.s.",Petrovice u Karviné,SOŠ,81.0,1,4.24,0.56,-0.47,-0.63,1.67,18.4,45.0,92.3,27.2,0.0,0.77,26.4,79
600016714,"Masarykovo gymnázium, Příbor, příspěvková organizace",Příbor,G8,29.0,1,0.19,0.46,1.0,0.57,0.47,0.6,78.2,100.0,81.3,2.29,2.59,73.9,100
600016714,"Masarykovo gymnázium, Příbor, příspěvková organizace",Příbor,G4,50.0,1,0.73,0.16,1.0,0.78,0.64,2.0,71.2,98.0,64.0,2.29,1.48,87.1,100
600016188,"Gymnázium a Střední odborná škola, Rýmařov, příspěvková organizace",Rýmařov,G8,24.0,1,-1.15,-1.61,-0.48,-1.04,-1.12,-4.9,53.9,97.3,59.1,0.58,1.44,35.3,100
600016188,"Gymnázium a Střední odborná škola, Rýmařov, příspěvková organizace",Rýmařov,G4,0.0,0,-1.35,,-0.48,-1.19,,-4.8,,,,0.58,0.4,53.6,100
600016188,"Gymnázium a Střední odborná škola, Rýmařov, příspěvková organizace",Rýmařov,SOŠ,6.0,0,0.31,0.18,1.56,-0.8,,1.3,31.6,88.2,31.0,0.58,0.36,21.1,50
600016803,"Střední škola ekonomicko-podnikatelská Studénka, o.p.s.",Studénka,lyceum,0.0,0,,,-0.47,-3.09,,,,,,0.0,0.03,13.8,10
600016803,"Střední škola ekonomicko-podnikatelská Studénka, o.p.s.",Studénka,SOŠ,15.0,1,0.2,-2.35,-0.47,-1.75,-0.87,0.4,23.2,65.0,34.7,0.0,0.32,19.0,56
600016269,"Gymnázium, Třinec, příspěvková organizace",Třinec,G8,28.0,1,0.67,0.51,0.18,0.2,0.47,2.6,79.1,100.0,83.9,1.2,2.12,67.2,97
600016269,"Gymnázium, Třinec, příspěvková organizace",Třinec,G4,61.0,1,0.91,0.66,0.18,0.8,0.68,2.6,73.8,100.0,72.0,1.2,1.61,85.8,100
691000662,Střední průmyslová škola Třineckých železáren,Třinec,SOŠ,38.0,1,-0.96,-1.91,-0.47,-1.93,-1.24,-4.1,22.8,79.3,33.4,0.0,0.14,27.0,22
600016340,"TŘINECKÁ OBCHODNÍ AKADEMIE INFORMAČNÍCH TECHNOLOGIÍ A VEŘEJNÉ SPRÁVY, s.r.o.",Třinec,SOŠ,51.0,1,0.44,0.39,-0.47,0.07,0.2,1.8,41.8,96.1,43.4,0.0,0.97,45.1,94
600143074,"Základní škola a gymnázium Vítkov, příspěvková organizace",Vítkov,G8,22.0,1,-0.71,-1.22,-0.32,-1.76,-0.91,-3.1,63.2,97.0,65.0,0.72,0.95,23.3,68
600143074,"Základní škola a gymnázium Vítkov, příspěvková organizace",Vítkov,G4,0.0,0,,,-0.32,-1.54,,,,,,0.72,0.27,51.1,28
600171213,"Albrechtova střední škola, Český Těšín, příspěvková organizace",Český Těšín,SOŠ,123.0,1,-0.88,-0.63,-0.47,-0.47,-0.68,-4.7,27.7,79.3,30.2,0.0,0.83,26.1,79
600016463,"Gymnázium Josefa Božka, Český Těšín, příspěvková organizace",Český Těšín,G8,28.0,1,0.39,0.43,0.51,-0.51,0.3,1.4,77.5,100.0,77.9,1.59,1.41,55.2,100
600016463,"Gymnázium Josefa Božka, Český Těšín, příspěvková organizace",Český Těšín,G4,28.0,1,0.19,0.31,0.51,0.5,0.33,0.2,75.3,97.7,70.4,1.59,1.28,81.4,100
600016609,"Obchodní akademie, Český Těšín, příspěvková organizace",Český Těšín,lyceum,28.0,1,-1.36,0.05,-0.47,0.16,-0.6,-5.9,50.5,98.8,52.5,0.0,0.72,61.4,100
600016609,"Obchodní akademie, Český Těšín, příspěvková organizace",Český Těšín,SOŠ,46.0,1,-0.73,0.48,-0.47,0.27,-0.22,-2.8,46.1,97.2,50.9,0.0,1.04,54.2,60
600016501,"Polské gymnázium - Polskie Gimnazjum im. Juliusza Słowackiego, Český Těšín, příspěvková organizace",Český Těšín,G4,76.0,1,0.35,-0.32,0.55,0.02,0.17,0.8,59.5,98.7,64.4,1.64,1.1,70.1,100
600017346,"Střední škola hotelnictví, gastronomie a služeb SČMSD Šilheřovice, s.r.o.",Šilheřovice,lyceum,0.0,0,,,-0.47,-2.13,,,,,,0.0,0.08,26.1,10
600017346,"Střední škola hotelnictví, gastronomie a služeb SČMSD Šilheřovice, s.r.o.",Šilheřovice,SOŠ,41.0,1,-0.23,0.45,-0.47,-1.69,-0.29,-1.3,31.4,94.4,31.5,0.0,0.33,18.4,51
